Rezept,Kategorie,Schwierigkeit,Zeit_min,Haupttechnik,Hinweis,Portionen,Zutat_01,Menge_01,Einheit_01,Zutat_02,Menge_02,Einheit_02,Zutat_03,Menge_03,Einheit_03,Zutat_04,Menge_04,Einheit_04,Zutat_05,Menge_05,Einheit_05,Zutat_06,Menge_06,Einheit_06,Zutat_07,Menge_07,Einheit_07,Zutat_08,Menge_08,Einheit_08,Schritt_01,Schritt_02,Schritt_03,Schritt_04,Schritt_05
Müsli mit Joghurt und Obst,Frühstück,leicht,10,Kalt zubereiten,vegetarisch,4,Müsli,250,g,Joghurt,500,g,Obst,400,g,Honig,2,EL,,,,,,,,,,,,,Obst waschen und klein schneiden.,Joghurt in Schalen verteilen.,Müsli darübergeben.,Obst darauf anrichten und nach Wunsch süßen.,
Overnight Oats (Basis),Frühstück,leicht,15,Kalt zubereiten,vegetarisch,4,Haferflocken,200,g,Milch,400,ml,Joghurt,200,g,Beeren,300,g,Honig,2,EL,,,,,,,,,Haferflocken Milch und Joghurt verrühren.,Nach Wunsch süßen.,Abgedeckt im Kühlschrank kalt stellen.,Vor dem Servieren Obst zugeben.,
Porridge (warm),Frühstück,leicht,15,Kochen,vegan möglich,4,Haferflocken,200,g,Milch,600,ml,Banane,2,Stück,Zimt,1,TL,Honig,1,EL,,,,,,,,,,Haferflocken mit Milch erhitzen.,5 bis 8 Minuten cremig kochen.,Banane schneiden.,Mit Zimt abschmecken und servieren.,
Rührei mit Schnittlauch,Frühstück,leicht,20,Braten,vegetarisch,4,Eier,8,Stück,Milch,80,ml,Schnittlauch,1,Bund,Käse,80,g,,,,,,,,,,,,,Eier mit Milch verquirlen.,Schnittlauch schneiden.,Eiermasse in der Pfanne stocken lassen.,Schnittlauch und Käse unterheben.,
Arme Ritter,Frühstück,leicht,25,Braten,vegetarisch,4,Toast,8,Scheibe,Eier,3,Stück,Milch,250,ml,Zucker,2,EL,Zimt,1,TL,,,,,,,,,,Eier Milch Zucker und Zimt verquirlen.,Brot kurz eintauchen.,In der Pfanne goldbraun braten.,Mit Obst servieren.,
Gemüseomelett,Frühstück,leicht,25,Braten,vegetarisch,4,Eier,8,Stück,Milch,80,ml,Gemüse,400,g,Käse,120,g,,,,,,,,,,,,,Gemüse klein schneiden und kurz anbraten.,Eier mit Milch verquirlen.,Eiermasse in die Pfanne geben.,Käse darüber streuen und stocken lassen.,
Omelett mit Gemüse,Frühstück,leicht,25,Braten,vegetarisch,4,Eier,8,Stück,Milch,80,ml,Gemüse,400,g,Käse,120,g,,,,,,,,,,,,,Gemüse klein schneiden und kurz anbraten.,Eier mit Milch verquirlen.,Eiermasse in die Pfanne geben.,Käse darüber streuen und stocken lassen.,
Pancakes,Frühstück,leicht,30,Braten,vegetarisch,4,Mehl,250,g,Milch,350,ml,Eier,2,Stück,Backpulver,2,TL,Zucker,2,EL,,,,,,,,,,Teig glatt rühren.,5 Minuten ruhen lassen.,Portionsweise ausbacken.,Mit Obst servieren.,
Pfannkuchen (süß),Frühstück,leicht,30,Braten,vegetarisch,4,Mehl,250,g,Milch,500,ml,Eier,3,Stück,Zucker,2,EL,Zimt,1,TL,,,,,,,,,,Teig glatt rühren.,5 Minuten ruhen lassen.,In der Pfanne ausbacken.,Nach Wunsch süß servieren.,
Pfannkuchen (herzhaft) mit Käse,Frühstück,leicht,35,Braten,vegetarisch,4,Mehl,250,g,Milch,500,ml,Eier,3,Stück,Käse,150,g,Schinken,150,g,,,,,,,,,,Teig glatt rühren.,5 Minuten ruhen lassen.,Dünn in der Pfanne ausbacken.,Mit Käse und Schinken füllen und klappen.,
Brotzeitbrett belegte Brote,Snack,leicht,15,Kalt zubereiten,variabel,4,Brot,8,Scheibe,Käse,150,g,Schinken,150,g,Tomaten,2,Stück,Gurke,1,Stück,Butter,4,EL,,,,,,,Gemüse in Scheiben schneiden.,Brote mit Butter bestreichen.,Mit Käse und Schinken belegen.,Mit Tomaten und Gurke garnieren.,Auf einem Brett anrichten.
Gemüse-Sticks mit Dip,Snack,leicht,15,Kalt zubereiten,vegetarisch,4,Möhren,4,Stück,Gurke,1,Stück,Paprika,2,Stück,Quark,250,g,Joghurt,100,g,Kräuter,1,Bund,,,,,,,Gemüse waschen und in Stifte schneiden.,Kräuter fein hacken.,Quark und Joghurt cremig rühren.,Kräuter unterheben und würzen.,Zusammen servieren.
Käsetoast,Snack,leicht,15,Backen,vegetarisch,4,Toastbrot,8,Scheibe,Käse,8,Scheibe,Butter,2,EL,,,,,,,,,,,,,,,Toastscheiben leicht vortoasten.,Mit etwas Butter bestreichen.,Mit Käse belegen.,Im Ofen knusprig überbacken.,
Baked Beans auf Toast,Snack,leicht,20,Erwärmen,vegetarisch,4,Toastbrot,8,Scheibe,Baked Beans,400,g,Butter,2,EL,Käse,100,g,,,,,,,,,,,,Toastscheiben goldbraun rösten.,Baked Beans in einem Topf erwärmen.,Toasts mit Butter bestreichen.,Bohnen darauf verteilen und Käse streuen.,
Energy Balls (Hafer-Dattel),Snack,leicht,20,Kalt zubereiten,vegan,4,Datteln,160,g,Haferflocken,100,g,Nussmus,4,EL,Kakaopulver,10,g,Nüsse,30,g,,,,,,,,,,Datteln und Nüsse fein zerkleinern.,Mit Haferflocken und Kakao mischen.,Nussmus zugeben und durchkneten.,Kleine Kugeln formen.,Kalt stellen und servieren.
Käse-Gemüse-Toasties,Snack,leicht,20,Backen,vegetarisch,4,Toastbrot,8,Scheibe,Käse,150,g,Paprika,1,Stück,Zucchini,1,Stück,Butter,2,EL,,,,,,,,,,Gemüse in feine Scheiben schneiden.,Toastscheiben mit Butter bestreichen.,Gemüse auf den Toasts verteilen.,Mit Käse belegen und überbacken.,
Toast Hawaii,Snack,leicht,20,Backen,mit Fleisch,4,Toastbrot,4,Scheibe,Schinken,4,Scheibe,Ananas,4,Scheibe,Käse,4,Scheibe,Butter,2,EL,,,,,,,,,,Toasts vortoasten und buttern.,Mit Schinken und Ananas belegen.,Mit Käse abdecken.,Im Ofen überbacken bis Käse schmilzt.,
Tomaten-Mozzarella-Toast,Snack,leicht,20,Backen,vegetarisch,4,Toastbrot,8,Scheibe,Tomaten,4,Stück,Mozzarella,2,Kugel,Olivenöl,2,EL,Basilikum,1,TL,,,,,,,,,,Tomaten und Mozzarella in Scheiben schneiden.,Toasts leicht vortoasten.,Mit Tomaten und Mozzarella belegen.,Mit Öl beträufeln und würzen.,Im Ofen knusprig überbacken.
Bruschetta,Snack,leicht,25,Rösten,vegetarisch,4,Baguette,1,Stück,Tomaten,500,g,Knoblauch,1,Zehe,Basilikum,1,Bund,Balsamico,2,EL,,,,,,,,,,Brot in Scheiben schneiden und rösten.,Tomaten würfeln und Basilikum hacken.,Belag mit Balsamico und Gewürzen mischen.,Geröstete Brote belegen und servieren.,
Ofen-Nachos mit Käse,Snack,leicht,25,Backen,vegetarisch,4,Nachos,200,g,Käse,150,g,Paprika,1,Stück,Mais,100,g,Bohnen,100,g,,,,,,,,,,Gemüse klein schneiden.,Nachos auf einem Blech verteilen.,Gemüse und Bohnen darauf verteilen.,Mit Käse bestreuen.,Im Ofen backen bis der Käse schmilzt.
Quesadillas mit Käse,Snack,leicht,25,Braten,vegetarisch,4,Wraps,4,Stück,Käse,200,g,Paprika,1,Stück,,,,,,,,,,,,,,,Paprika in sehr feine Würfel schneiden.,Käse und Paprika auf einer Wraphälfte verteilen.,Wrap zusammenklappen.,In einer Pfanne beidseitig knusprig braten.,
Wrap-Pizza (auf Tortilla),Snack,leicht,25,Backen,vegetarisch,4,Wraps,4,Stück,Tomatensauce,200,ml,Käse,150,g,Paprika,1,Stück,Mais,100,g,,,,,,,,,,Wraps auf ein Blech legen.,Mit Tomatensauce bestreichen.,Gemüse und Mais darauf verteilen.,Mit Käse bestreuen.,Im Ofen knusprig backen.
Wraps mit Rührei,Snack,leicht,25,Braten,vegetarisch,4,Wraps,4,Stück,Eier,6,Stück,Milch,50,ml,Tomaten,2,Stück,Salat,4,Blatt,,,,,,,,,,Eier mit Milch verquirlen.,Rührei in der Pfanne braten.,Tomaten schneiden und Salat waschen.,Wraps erwärmen und belegen.,Fest einrollen und servieren.
Wraps mit Thunfisch,Snack,leicht,25,Kalt zubereiten,mit Fisch,4,Wraps,4,Stück,Thunfisch,2,Dose,Frischkäse,100,g,Zwiebel,1,Stück,Gurke,1,Stück,,,,,,,,,,Zwiebel und Gurke sehr fein würfeln.,Thunfisch abtropfen und mit Frischkäse mischen.,Gemüse unter die Creme heben.,Wraps damit bestreichen.,Fest einrollen und servieren.
Hot Dogs (Schulversion),Snack,leicht,30,Erwärmen,mit Fleisch,4,Hot Dog Brötchen,4,Stück,Würstchen,4,Stück,Ketchup,4,EL,Röstzwiebeln,4,EL,Gewürzgurken,2,Stück,,,,,,,,,,Würstchen im Wasserbad erwärmen.,Gurken in feine Scheiben schneiden.,Brötchen aufschneiden und aufbacken.,Würstchen in die Brötchen legen.,Mit Ketchup Gurken und Zwiebeln garnieren.
Mini-Pizzen (Tortilla),Snack,leicht,30,Backen,vegetarisch,4,Wraps,4,Stück,Tomatensauce,200,ml,Käse,150,g,Salami,100,g,,,,,,,,,,Aus Wraps kleine Kreise ausstechen.,Mit Tomatensauce bestreichen.,Salami in kleine Stücke schneiden.,Mit Salami belegen und Käse bestreuen.,Im Ofen knusprig backen.
Nachos mit Bohnen (vegan),Snack,leicht,30,Backen,vegan,4,Nachos,200,g,Bohnen,100,g,Mais,100,g,Käse vegan,150,g,,,,,,,,,,Nachos auf einem Backblech ausbreiten.,Bohnen und Mais abtropfen lassen.,Über die Nachos verteilen.,Mit veganem Käse bestreuen.,Im Ofen überbacken.
Pita-Pizza,Snack,leicht,30,Backen,vegetarisch,4,Pita Brote,4,Stück,Tomatensauce,200,ml,Käse,150,g,Paprika,1,Stück,,,,,,,,,,Pita Brote auf ein Blech legen.,Mit Tomatensauce bestreichen.,Paprika würfeln und darauf verteilen.,Mit Käse bestreuen.,Im Ofen backen.
Wraps mit Gemüse und Joghurt-Dip,Snack,leicht,30,Kalt zubereiten,vegetarisch,4,Wraps,4,Stück,Gurke,1,Stück,Karotten,2,Stück,Joghurt,200,g,Kräuter,1,Bund,,,,,,,,,,Gemüse in feine Streifen schneiden.,Kräuter hacken und mit Joghurt mischen.,Wraps mit dem Dip bestreichen.,Gemüse darauflegen.,Fest aufrollen und halbieren.
Quesadillas mit Bohnen,Snack,leicht,35,Braten,vegetarisch,4,Wraps,4,Stück,Kidneybohnen,200,g,Mais,100,g,Käse,150,g,,,,,,,,,,Bohnen und Mais abtropfen lassen.,Mit Käse auf einer Wraphälfte verteilen.,Wrap zusammenklappen.,In der Pfanne beidseitig braten.,In Dreiecke schneiden.
Wraps mit Hähnchen,Snack,leicht,35,Braten,mit Fleisch,4,Wraps,4,Stück,Hähnchenbrust,300,g,Paprika,1,Stück,Joghurt,100,g,Öl,1,EL,,,,,,,,,,Fleisch in Streifen schneiden und anbraten.,Paprika in feine Streifen schneiden.,Wraps erwärmen und mit Joghurt bestreichen.,Fleisch und Gemüse darauf verteilen.,Einrollen.
Club-Sandwich (Schulversion),Snack,mittel,35,Kalt zubereiten,mit Fleisch,4,Toastbrot,12,Scheibe,Mayonnaise,4,EL,Salat,8,Blatt,Putenbrust,200,g,Tomaten,2,Stück,,,,,,,,,,Toastscheiben rösten.,Tomaten in Scheiben schneiden.,Toasts mit Mayonnaise bestreichen.,Mit Salat Pute und Tomate schichten.,Sandwich diagonal durchschneiden.
Pizzabrötchen,Snack,leicht,45,Backen,mit Fleisch,4,Brötchen,4,Stück,Schmand,100,g,Käse,100,g,Salami,50,g,Schinken,50,g,Paprika,1,Stück,,,,,,,Belagzutaten sehr fein würfeln.,Alles mit Schmand und Käse vermengen.,Brötchen halbieren.,Die Masse auf den Hälften verteilen.,Im Ofen goldbraun überbacken.
Wraps mit Falafel,Snack,mittel,55,Zusammenstellen,vegetarisch,4,Wraps,4,Stück,Falafel,12,Stück,Gurke,1,Stück,Tomaten,2,Stück,Joghurt,150,g,,,,,,,,,,Falafel erwärmen.,Gemüse in Scheiben schneiden.,Wraps mit Joghurt bestreichen.,Mit Falafel und Gemüse belegen.,Fest einrollen.
Caprese (Tomate-Mozzarella),Salat,leicht,15,Kalt zubereiten,vegetarisch,4,Tomaten,500,g,Mozzarella,250,g,Basilikum,1,Bund,Balsamico,2,EL,,,,,,,,,,Tomaten und Mozzarella in Scheiben schneiden.,Abwechselnd auf einem Teller anrichten.,Mit Basilikumblättern belegen.,Mit Balsamico und Öl beträufeln.,Salzen und pfeffern.
Gurkensalat,Salat,leicht,15,Kalt zubereiten,vegan,4,Salat,200,g,Gurke,1,Stück,Tomaten,300,g,Paprika,1,Stück,Essig,2,EL,Senf,1,TL,,,,,,,,,,Salat waschen und zupfen.,Gemüse schneiden.,Dressing aus Essig und Senf rühren.,Alles vermengen.,Servieren.
Karottensalat mit Zitrone,Salat,leicht,15,Kalt zubereiten,vegan,4,Karotten,1000,g,Zitrone,1,Stück,Öl,2,EL,Zucker,1,TL,Salz,1,Prise,,,,,,,,,,Karotten schälen und fein raspeln.,Zitrone auspressen.,Saft Öl Zucker und Salz verrühren.,Dressing über die Karotten geben.,Vermengen und kurz ziehen lassen.
Bohnensalat,Salat,leicht,20,Kalt zubereiten,vegan,4,Salat,200,g,Gurke,1,Stück,Tomaten,300,g,Paprika,1,Stück,Essig,2,EL,Senf,1,TL,,,,,,,,,,Salat waschen und zupfen.,Gemüse schneiden.,Dressing aus Essig und Senf rühren.,Alles vermengen.,Servieren.
Bunter Blattsalat mit Dressing,Salat,leicht,20,Kalt zubereiten,vegan möglich,4,Salat,200,g,Gurke,1,Stück,Tomaten,300,g,Paprika,1,Stück,Essig,2,EL,Senf,1,TL,,,,,,,,,,Salat waschen und zupfen.,Gemüse schneiden.,Dressing aus Essig und Senf rühren.,Alles vermengen.,Servieren.
Eiersalat,Salat,leicht,20,Kalt zubereiten,vegetarisch,4,Salat,200,g,Gurke,1,Stück,Tomaten,300,g,Paprika,1,Stück,Essig,2,EL,Senf,1,TL,,,,,,,,,,Salat waschen und zupfen.,Gemüse schneiden.,Dressing aus Essig und Senf rühren.,Alles vermengen.,Servieren.
Griechischer Salat,Salat,leicht,20,Kalt zubereiten,vegetarisch,4,Gurke,1,Stück,Tomaten,400,g,Paprika,1,Stück,Feta,200,g,Oliven,80,g,Zwiebel,1,Stück,Zitrone,1,Stück,,,,Gemüse in grobe Stücke schneiden.,Zwiebel in Ringe schneiden.,Alles mischen.,Feta grob zerbröseln und zugeben.,Mit Zitrone und Öl abschmecken.
Thunfischsalat,Salat,leicht,20,Kalt zubereiten,mit Fisch,4,Salat,200,g,Gurke,1,Stück,Tomaten,300,g,Paprika,1,Stück,Essig,2,EL,Senf,1,TL,,,,,,,,,,Salat waschen und zupfen.,Gemüse schneiden.,Dressing aus Essig und Senf rühren.,Alles vermengen.,Servieren.
Kichererbsensalat,Salat,leicht,25,Kalt zubereiten,vegan,4,Salat,200,g,Gurke,1,Stück,Tomaten,300,g,Paprika,1,Stück,Essig,2,EL,Senf,1,TL,,,,,,,,,,Salat waschen und zupfen.,Gemüse schneiden.,Dressing aus Essig und Senf rühren.,Alles vermengen.,Servieren.
Krautsalat (Coleslaw light),Salat,leicht,25,Kalt zubereiten,vegetarisch,4,Salat,200,g,Gurke,1,Stück,Tomaten,300,g,Paprika,1,Stück,Essig,2,EL,Senf,1,TL,,,,,,,,,,Salat waschen und zupfen.,Gemüse schneiden.,Dressing aus Essig und Senf rühren.,Alles vermengen.,Servieren.
Couscous-Salat,Salat,leicht,30,Quellen lassen,vegan,4,Couscous,250,g,Paprika,2,Stück,Gurke,1,Stück,Tomaten,300,g,Zitrone,1,Stück,Petersilie,1,Bund,,,,,,,,,,Couscous mit Brühe quellen lassen.,Gemüse sehr fein würfeln.,Petersilie hacken.,Alles mischen.,Mit Zitrone abschmecken.
Bulgur-Salat (Taboulé),Salat,leicht,35,Kalt zubereiten,vegan,4,Bulgur,250,g,Tomaten,300,g,Gurke,1,Stück,Petersilie,2,Bund,Zitrone,1,Stück,Zwiebeln,3,Stück,,,,,,,,,,Bulgur nach Packung garen.,Gemüse sehr fein würfeln.,Petersilie fein hacken.,Alles mischen.,Mit Zitrone abschmecken.
Caesar Salad (Schulversion),Salat,mittel,40,Kalt zubereiten,mit Fleisch möglich,4,Salat,200,g,Gurke,1,Stück,Tomaten,300,g,Paprika,1,Stück,Essig,2,EL,Senf,1,TL,,,,,,,,,,Salat waschen und zupfen.,Gemüse schneiden.,Dressing aus Essig und Senf rühren.,Alles vermengen.,Servieren.
Lauwarmer Kartoffel-Gurkensalat,Salat,leicht,45,Kochen,vegan,4,Salat,200,g,Gurke,1,Stück,Tomaten,300,g,Paprika,1,Stück,Essig,2,EL,Senf,1,TL,,,,,,,,,,Salat waschen und zupfen.,Gemüse schneiden.,Dressing aus Essig und Senf rühren.,Alles vermengen.,Servieren.
Nudelsalat (Essig-Öl),Salat,leicht,45,Kochen,vegan,4,Salat,200,g,Gurke,1,Stück,Tomaten,300,g,Paprika,1,Stück,Essig,2,EL,Senf,1,TL,,,,,,,,,,Salat waschen und zupfen.,Gemüse schneiden.,Dressing aus Essig und Senf rühren.,Alles vermengen.,Servieren.
Nudelsalat (Pesto),Salat,leicht,45,Kochen,vegetarisch,4,Salat,200,g,Gurke,1,Stück,Tomaten,300,g,Paprika,1,Stück,Essig,2,EL,Senf,1,TL,,,,,,,,,,Salat waschen und zupfen.,Gemüse schneiden.,Dressing aus Essig und Senf rühren.,Alles vermengen.,Servieren.
Kartoffelsalat (Essig-Öl),Salat,leicht,50,Kochen,vegan,4,Salat,200,g,Gurke,1,Stück,Tomaten,300,g,Paprika,1,Stück,Essig,2,EL,Senf,1,TL,,,,,,,,,,Salat waschen und zupfen.,Gemüse schneiden.,Dressing aus Essig und Senf rühren.,Alles vermengen.,Servieren.
Reissalat,Salat,leicht,50,Kochen,vegan möglich,4,Salat,200,g,Gurke,1,Stück,Tomaten,300,g,Paprika,1,Stück,Essig,2,EL,Senf,1,TL,,,,,,,,,,Salat waschen und zupfen.,Gemüse schneiden.,Dressing aus Essig und Senf rühren.,Alles vermengen.,Servieren.
Kartoffelsalat (Mayo),Salat,leicht,55,Kochen,vegetarisch,4,Salat,200,g,Gurke,1,Stück,Tomaten,300,g,Paprika,1,Stück,Essig,2,EL,Senf,1,TL,,,,,,,,,,Salat waschen und zupfen.,Gemüse schneiden.,Dressing aus Essig und Senf rühren.,Alles vermengen.,Servieren.
Linsensalat,Salat,mittel,55,Kochen,vegan,4,Salat,200,g,Gurke,1,Stück,Tomaten,300,g,Paprika,1,Stück,Essig,2,EL,Senf,1,TL,,,,,,,,,,Salat waschen und zupfen.,Gemüse schneiden.,Dressing aus Essig und Senf rühren.,Alles vermengen.,Servieren.
Klassische Pfannensuppe,Suppe,leicht,45,Kochen,vegan möglich,4,Suppengemüse,600,g,Kartoffeln,400,g,Zwiebel,1,Stück,Gemüsebrühe,1200,ml,,,,,,,,,,Gemüse würfeln.,Köcheln lassen.,Optional pürieren.,Servieren.,
Möhrensuppe mit Ingwer,Suppe,leicht,45,Kochen,vegan,4,Suppengemüse,600,g,Kartoffeln,400,g,Zwiebel,1,Stück,Gemüsebrühe,1200,ml,,,,,,,,,,Gemüse würfeln.,Köcheln lassen.,Optional pürieren.,Servieren.,
Tomatensuppe,Suppe,leicht,45,Kochen,vegan möglich,4,Zwiebeln,2,Stück,Knoblauch,2,Zehe,Tomaten,800,g,Gemüsebrühe,1000,ml,Sahne,150,ml,,,,,,,,,,Zwiebel und Knoblauch schneiden.,In Topf andünsten.,Tomaten und Brühe köcheln lassen.,Pürieren und Sahne zugeben.,
Cremige Brokkolisuppe,Suppe,leicht,50,Kochen,vegetarisch,4,Suppengemüse,600,g,Kartoffeln,400,g,Zwiebel,1,Stück,Gemüsebrühe,1200,ml,,,,,,,,,,Gemüse würfeln.,Köcheln lassen.,Optional pürieren.,Servieren.,
Gemüsesuppe,Suppe,leicht,50,Kochen,vegan,4,Suppengemüse,600,g,Kartoffeln,400,g,Zwiebel,1,Stück,Gemüsebrühe,1200,ml,,,,,,,,,,Gemüse würfeln.,Köcheln lassen.,Optional pürieren.,Servieren.,
Kürbissuppe,Suppe,leicht,55,Kochen,vegan möglich,4,Suppengemüse,600,g,Kartoffeln,400,g,Zwiebel,1,Stück,Gemüsebrühe,1200,ml,,,,,,,,,,Gemüse würfeln.,Köcheln lassen.,Optional pürieren.,Servieren.,
Kartoffelsuppe,Suppe,leicht,60,Kochen,vegetarisch,4,Kartoffeln,800,g,Zwiebel,1,Stück,Karotten,2,Stück,Gemüsebrühe,1200,ml,Milch,200,ml,,,,,,,,,,Gemüse würfeln.,In Brühe weich kochen.,Alles fein pürieren.,Milch einrühren.,
Erbsensuppe (schnell),Suppe,mittel,70,Kochen,vegan möglich,4,Suppengemüse,600,g,Kartoffeln,400,g,Zwiebel,1,Stück,Gemüsebrühe,1200,ml,,,,,,,,,,Gemüse würfeln.,Köcheln lassen.,Optional pürieren.,Servieren.,
Käse-Lauch-Suppe (vegetarisch),Suppe,mittel,70,Kochen,vegetarisch,4,Suppengemüse,600,g,Kartoffeln,400,g,Zwiebel,1,Stück,Gemüsebrühe,1200,ml,,,,,,,,,,Gemüse würfeln.,Köcheln lassen.,Optional pürieren.,Servieren.,
Minestrone,Suppe,mittel,75,Kochen,vegan möglich,4,Suppengemüse,600,g,Kartoffeln,400,g,Zwiebel,1,Stück,Gemüsebrühe,1200,ml,,,,,,,,,,Gemüse würfeln.,Köcheln lassen.,Optional pürieren.,Servieren.,
Pizzasuppe (mild),Suppe,mittel,75,Kochen,mit Fleisch möglich,4,Suppengemüse,600,g,Kartoffeln,400,g,Zwiebel,1,Stück,Gemüsebrühe,1200,ml,,,,,,,,,,Gemüse würfeln.,Köcheln lassen.,Optional pürieren.,Servieren.,
Gulaschsuppe (Schulversion),Suppe,mittel,105,Kochen,mit Fleisch,4,Suppengemüse,600,g,Kartoffeln,400,g,Zwiebel,1,Stück,Gemüsebrühe,1200,ml,,,,,,,,,,Gemüse würfeln.,Köcheln lassen.,Optional pürieren.,Servieren.,
Bohnen-Chili (mild),Eintopf,leicht,60,Kochen,vegan,4,Kidneybohnen,480,g,Mais,280,g,Tomaten,800,g,Paprika,2,Stück,Zwiebel,1,Stück,,,,,,,,,,Gemüse schneiden.,In Pfanne anbraten.,Mit Tomaten köcheln lassen.,Servieren.,
Linsensuppe (einfach),Eintopf,mittel,75,Kochen,vegan,4,Linsen,200,g,Gemüsebrühe,1000,ml,Zwiebel,1,Stück,Karotten,2,Stück,Lauch,1,Stange,,,,,,,,,,Gemüse schneiden und andünsten.,Linsen und Brühe zugeben.,Weich kochen.,Abschmecken und servieren.,
Chili sin Carne,Eintopf,mittel,80,Kochen,vegan,4,Kidneybohnen,480,g,Mais,280,g,Tomaten,800,g,Paprika,2,Stück,Zwiebel,1,Stück,,,,,,,,,,Gemüse schneiden.,In Topf anbraten.,Mit Tomaten köcheln lassen.,Bohnen zugeben und servieren.,
Joghurt-Knoblauch-Dip,Dip,leicht,10,Rühren,vegetarisch,4,Joghurt,250,g,Knoblauch,2,Zehe,Öl,1,EL,Salz,1,Prise,Pfeffer,1,Prise,,,,,,,,,,Knoblauch schälen und pressen.,Mit Joghurt verrühren.,Öl unterheben.,Mit Salz und Pfeffer abschmecken.,
Kräuterquark,Dip,leicht,10,Rühren,vegetarisch,4,Quark,250,g,Kräuter,1,Bund,Milch,50,ml,Salz,1,Prise,,,,,,,,,,,,Kräuter waschen und fein hacken.,Quark mit Milch glatt rühren.,Kräuter unterheben.,Mit Salz abschmecken.,
Guacamole,Dip,leicht,15,Kalt zubereiten,vegan,4,Avocados,2,Stück,Limette,1,Stück,Knoblauch,1,Zehe,Tomate,1,Stück,,,,,,,,,,,,Avocado zerdrücken.,Limette auspressen.,Knoblauch und Tomate würfeln.,Alles gut vermengen.,
Salsa (Tomate),Dip,leicht,15,Kalt zubereiten,vegan,4,Tomaten,4,Stück,Zwiebel,1,Stück,Knoblauch,1,Zehe,Olivenöl,1,EL,Limette,1,Spritzer,,,,,,,,,,Tomaten sehr fein würfeln.,Zwiebel und Knoblauch hacken.,Alles mischen.,Mit Öl und Limette abschmecken.,
Tzatziki,Dip,leicht,15,Kalt zubereiten,vegetarisch,4,Joghurt,250,g,Gurke,1,Stück,Knoblauch,2,Zehe,Olivenöl,1,EL,,,,,,,,,,,,Gurke raspeln und ausdrücken.,Knoblauch pressen.,Alles mit Joghurt verrühren.,Mit Öl abschmecken.,
Hummus (klassisch),Dip,leicht,20,Pürieren,vegan,4,Kichererbsen,400,g,Tahini,3,EL,Knoblauch,2,Zehe,Zitrone,1,Stück,Olivenöl,4,EL,,,,,,,,,,Kichererbsen abtropfen lassen.,Alle Zutaten in Mixer geben.,Sehr fein pürieren.,Mit etwas Wasser Konsistenz anpassen.,
Vinaigrette (Essig-Öl),Dressing,leicht,8,Rühren,vegan,4,Essig,3,EL,Senf,1,TL,Öl,6,EL,,,,,,,,,,,,,,,,Zutaten verrühren.,Kräftig abschmecken.,Über Salat geben.,,
Honig-Senf-Dressing,Dressing,leicht,10,Rühren,vegetarisch,4,Essig,3,EL,Senf,1,TL,Honig,2,EL,Öl,6,EL,,,,,,,,,,,,Zutaten verrühren.,Kräftig abschmecken.,Über Salat geben.,,
Béchamelsauce (Basis),Sauce,mittel,20,Kochen,vegetarisch,4,Butter,50,g,Mehl,50,g,Milch,500,ml,Muskat,1,Prise,Salz,1,Prise,,,,,,,,,,Butter in Topf schmelzen.,Mehl zügig einrühren.,Milch langsam unter Rühren zugeben.,Köcheln bis Sauce andickt.,Würzen.
Tomatensauce (Basis),Sauce,leicht,35,Kochen,vegan,4,Zwiebel,1,Stück,Knoblauch,1,Zehe,Passierte Tomaten,500,g,Olivenöl,1,EL,Kräuter,1,TL,,,,,,,,,,Zwiebel und Knoblauch fein würfeln.,In Öl glasig andünsten.,Tomaten und Kräuter zugeben.,Sanft köcheln lassen.,
Knoblauchbrot,Beilage,leicht,20,Backen,vegetarisch,4,Baguette,1,Stück,Butter,50,g,Knoblauch,3,Zehe,Salz,1,Prise,,,,,,,,,,,,Butter weich werden lassen.,Knoblauch pressen und einrühren.,Baguette in Scheiben schneiden.,Mit Butter bestreichen und backen.,
Kartoffelpüree,Beilage,leicht,35,Kochen,vegetarisch,4,Kartoffeln,1000,g,Milch,200,ml,Butter,50,g,Muskat,1,Prise,Salz,1,TL,,,,,,,,,,Kartoffeln weich kochen.,Abgießen und zerstampfen.,Heiße Milch und Butter einrühren.,Mit Muskat und Salz abschmecken.,
Bratkartoffeln,Beilage,mittel,45,Braten,vegan möglich,4,Kartoffeln,800,g,Zwiebel,1,Stück,Öl,3,EL,Paprikapulver,1,TL,Salz,1,TL,,,,,,,,,,Kartoffeln vorkochen und pellen.,In Scheiben schneiden.,Zwiebel würfeln.,Alles in Öl knusprig braten.,
Rösti,Beilage,mittel,50,Braten,vegetarisch,4,Kartoffeln,800,g,Zwiebel,1,Stück,Ei,1,Stück,Öl,3,EL,Salz,1,TL,,,,,,,,,,Kartoffeln schälen und grob raspeln.,Zwiebel würfeln und untermischen.,Ei und Salz unterheben.,In heißer Pfanne flach ausbacken.,
Kartoffelspalten (Wedges),Beilage,leicht,55,Backen,vegan,4,Kartoffeln,1000,g,Olivenöl,4,EL,Paprikapulver,2,TL,Salz,1,TL,,,,,,,,,,,,Kartoffeln waschen und in Spalten schneiden.,Mit Öl und Gewürzen mischen.,Auf einem Blech verteilen.,Im Ofen knusprig backen.,
Ofengemüse (Blech) mit Kräutern,Beilage,leicht,55,Backen,vegan,4,Gemüse,800,g,Olivenöl,4,EL,Rosmarin,1,TL,Salz,1,TL,,,,,,,,,,,,Gemüse grob schneiden.,Mit Öl und Gewürzen marinieren.,Auf einem Blech verteilen.,Im Ofen weich backen.,
Pasta mit Pesto (Basilikum),Pasta,leicht,25,Kochen,vegetarisch,4,Nudeln,400,g,Pesto,150,g,Parmesan,50,g,,,,,,,,,,,,,,,Nudeln kochen.,Mit Pesto mischen.,Optional Parmesan darüber.,,
Spaghetti aglio e olio,Pasta,leicht,25,Kochen,vegan,4,Nudeln,400,g,Olivenöl,6,EL,Knoblauch,3,Zehe,Petersilie,1,Bund,,,,,,,,,,,,Nudeln kochen.,Knoblauch und Petersilie vorbereiten.,Knoblauch in Öl sanft erwärmen.,Mit Nudeln mischen.,
Pasta mit Zitronen-Ricotta,Pasta,leicht,30,Kochen,vegetarisch,4,Nudeln,400,g,Ricotta,250,g,Zitrone,1,Stück,Parmesan,50,g,Olivenöl,2,EL,,,,,,,,,,Nudeln kochen und Wasser auffangen.,Zitronenschale abreiben und Saft auspressen.,Ricotta mit Zitrone und Käse mischen.,Nudeln und etwas Nudelwasser unterheben.,
Tomaten-Mozzarella-Pasta,Pasta,leicht,30,Kochen,vegetarisch,4,Nudeln,400,g,Gemüse,500,g,Sahne,200,g,,,,,,,,,,,,,,,Nudeln kochen.,Gemüse anbraten.,Sauce rühren.,Mischen.,
Tortellini in Sahnesauce,Pasta,leicht,30,Kochen,vegetarisch,4,Nudeln,400,g,Gemüse,500,g,Sahne,200,g,,,,,,,,,,,,,,,Nudeln kochen.,Gemüse anbraten.,Sauce rühren.,Mischen.,
Pasta mit Spinat und Frischkäse,Pasta,leicht,35,Kochen,vegetarisch,4,Nudeln,400,g,Spinat,400,g,Frischkäse,200,g,Zwiebel,1,Stück,,,,,,,,,,,,Nudeln kochen.,Zwiebel andünsten.,Spinat und Frischkäse zugeben.,Nudeln unterheben.,
Pasta mit Thunfisch-Tomatensauce,Pasta,leicht,35,Kochen,mit Fisch,4,Nudeln,400,g,Thunfisch,2,Dose,Tomaten,800,g,Zwiebel,1,Stück,,,,,,,,,,,,Nudeln kochen.,Sauce kochen.,Thunfisch zugeben.,Mischen.,
Nudeln mit Erdnusssauce,Pasta,mittel,35,Kochen,vegan möglich,4,Nudeln,400,g,Gemüse,500,g,Erdnussbutter,100,g,Sojasauce,2,EL,,,,,,,,,,,,Nudeln kochen.,Gemüse anbraten.,Sauce rühren.,Mischen.,
Pasta Alfredo (einfach),Pasta,mittel,35,Kochen,vegetarisch,4,Fettuccine,400,g,Butter,100,g,Parmesan,100,g,,,,,,,,,,,,,,,Nudeln kochen.,Butter schmelzen lassen.,Nudeln und Käse zugeben.,Cremig rühren.,
Spaghetti Carbonara (Schulversion),Pasta,mittel,35,Kochen,mit Fleisch,4,Spaghetti,400,g,Speck,200,g,Eier,4,Stück,Pecorino,150,g,Pfeffer,1,TL,Salz,1,Prise,,,,,,,Spaghetti kochen.,Speck in Pfanne ausbraten.,Eier und Käse verquirlen.,Pasta zum Speck geben.,Ei-Mischung rasch unterrühren.
Spaghetti Napoli (Tomatensauce),Pasta,leicht,40,Kochen,vegan möglich,4,Nudeln,400,g,Passierte Tomaten,500,g,Zwiebel,1,Stück,Olivenöl,2,EL,,,,,,,,,,,,Nudeln kochen.,Zwiebel anbraten.,Tomaten zugeben und köcheln.,Mischen.,
Pasta Primavera,Pasta,leicht,45,Kochen,vegetarisch,4,Nudeln,400,g,Brokkoli,1,Stück,Lauch,1,Stange,Sahne,200,ml,Gemüsebrühe,100,ml,Parmesan,50,g,,,,Nudeln kochen.,Gemüse schneiden und anbraten.,Sahne und Brühe zugeben.,Nudeln unterheben und servieren.,
Pasta mit Gemüse-Tomatensauce,Pasta,leicht,50,Kochen,vegan,4,Nudeln,400,g,Gemüse,500,g,Tomatensauce,400,ml,,,,,,,,,,,,,,,Nudeln kochen.,Gemüse anbraten.,Sauce rühren.,Mischen.,
Bolognese (Hack) mit Spaghetti,Pasta,mittel,65,Kochen,mit Fleisch,4,Nudeln,400,g,Hackfleisch,400,g,Tomaten,500,g,Zwiebel,1,Stück,,,,,,,,,,,,Nudeln kochen.,Hackfleisch anbraten.,Sauce rühren.,Mischen.,
Linsen-Bolognese mit Spaghetti,Pasta,mittel,65,Kochen,vegan,4,Nudeln,400,g,Linsen,200,g,Tomaten,500,g,Zwiebel,1,Stück,,,,,,,,,,,,Nudeln kochen.,Gemüse anbraten.,Sauce rühren.,Mischen.,
Mac and Cheese (Ofen),Pasta,mittel,75,Backen,vegetarisch,4,Makkaroni,400,g,Milch,500,ml,Käse,200,g,Butter,30,g,Mehl,30,g,,,,,,,,Nudeln kochen.,Mehlschwitze herstellen.,Käse einrühren.,Nudeln in Form geben.,Sauce darüber und backen.
Nudelauflauf mit Schinken,Pasta,mittel,75,Backen,mit Fleisch,4,Nudeln,400,g,Schinken,200,g,Sahne,200,ml,Käse,150,g,,,,,,,,,,,,Nudeln kochen.,Schinken schneiden.,Alles in Form schichten.,Käse darüber und backen.,
Brokkoli-Nudelauflauf,Pasta,mittel,80,Backen,vegetarisch,4,Nudeln,400,g,Brokkoli,500,g,Sahne,200,ml,Käse,150,g,,,,,,,,,,,,Nudeln kochen.,Brokkoli blanchieren.,Alles in Form schichten.,Käse darüber und backen.,
Cannelloni mit Spinat-Ricotta,Pasta,mittel,95,Backen,vegetarisch,4,Cannelloni,250,g,Spinat,400,g,Ricotta,250,g,Tomatensauce,500,ml,Käse,100,g,,,,,,,,Füllung mischen.,Cannelloni füllen.,In Form legen.,Sauce und Käse darüber.,Backen.
Gemüse-Lasagne (schnell),Pasta,mittel,110,Backen,vegetarisch,4,Lasagneplatten,250,g,Tomaten,800,g,Gemüse,600,g,Crème fraîche,200,g,Käse,200,g,,,,,,,,Sauce kochen.,Gemüse andünsten.,Abwechselnd in Form schichten.,Mit Käse bestreuen.,Backen.
Lasagne (Gemüse),Pasta,mittel,110,Backen,vegetarisch,4,Lasagneplatten,250,g,Tomaten,800,g,Gemüse,600,g,Crème fraîche,200,g,Käse,200,g,,,,,,,,Sauce kochen.,Schichten.,Backen.,,
Tomatenreis,Reis,leicht,35,Kochen,vegan,4,Reis,300,g,Tomatenmark,3,EL,Zwiebel,1,Stück,Gemüsebrühe,600,ml,,,,,,,,,,,,Zwiebel andünsten.,Reis kurz mitbraten.,Tomatenmark zugeben.,Mit Brühe aufgießen und kochen.,
Gebratener Reis mit Ei,Reis,mittel,40,Braten,vegetarisch,4,Reis,300,g,Gemüse,400,g,Sojasauce,3,EL,Eier,3,Stück,,,,,,,,,,,,Reis vorkochen.,Gemüse anbraten.,Eier zugeben und stocken lassen.,Reis unterheben.,
Gemüsereis,Reis,leicht,45,Kochen,vegan,4,Reis,300,g,Gemüse,600,g,Brühe,600,ml,,,,,,,,,,,,,,,Reis kochen.,Gemüse anbraten.,Mischen.,,
Risotto mit Erbsen,Reis,mittel,75,Rühren,vegetarisch,4,Risottoreis,300,g,Zwiebel,1,Stück,Gemüsebrühe,1000,ml,Parmesan,80,g,Erbsen,250,g,,,,,,,,Zwiebel schneiden.,Reis anschwitzen.,Brühe nach und nach zugeben.,Erbsen zugeben.,Parmesan einrühren.
Risotto mit Pilzen,Reis,mittel,80,Rühren,vegetarisch,4,Risottoreis,300,g,Zwiebel,1,Stück,Gemüsebrühe,1000,ml,Parmesan,80,g,Champignons,400,g,,,,,,,,Zwiebel schneiden.,Reis anschwitzen.,Brühe nach und nach zugeben.,Pilze zugeben.,Parmesan einrühren.
Quinoa-Bowl mit Gemüse,Bowl,mittel,50,Kochen,vegan,4,Quinoa,250,g,Süßkartoffel,200,g,Kichererbsen,200,g,Öl,2,EL,,,,,,,,,,,,Quinoa kochen.,Gemüse im Ofen rösten.,In Schüssel anrichten.,Dressing darüber geben.,
Burrito-Bowl,Bowl,leicht,55,Kochen,vegan möglich,4,Reis,300,g,Mais,100,g,Bohnen,100,g,Avocado,1,Stück,Tomaten,2,Stück,,,,,,,,Reis kochen.,Gemüse schneiden.,In Schüssel anrichten.,Dressing darüber geben.,
Sushi-Bowl (ohne Rollen),Bowl,mittel,60,Kochen,mit Fisch möglich,4,Sushi-Reis,300,g,Gurke,1,Stück,Karotten,2,Stück,Sojasauce,4,EL,,,,,,,,,,,,Reis kochen und würzen.,Gemüse in feine Streifen schneiden.,In Schüssel anrichten.,Sauce darüber geben.,
Reis-Bowl mit Ofengemüse,Bowl,leicht,65,Backen,vegan,4,Reis,300,g,Gemüse,600,g,Sojasauce,4,EL,,,,,,,,,,,,,,,Reis kochen.,Gemüse backen.,In Schüssel anrichten.,Sauce darüber.,
Gnocchi in Tomatensauce,Hauptgericht,leicht,30,Kochen,vegetarisch,4,Gnocchi,500,g,Passierte Tomaten,400,g,Zwiebel,1,Stück,Öl,1,EL,Parmesan,50,g,,,,,,,,Zwiebel andünsten.,Tomaten zugeben.,Gnocchi direkt in Sauce garen.,Mit Käse servieren.,
Tomaten-Couscous,Hauptgericht,leicht,30,Quellen lassen,vegan,4,Couscous,250,g,Tomaten,400,g,Zwiebel,1,Stück,Brühe,300,ml,,,,,,,,,,,,Zwiebel andünsten.,Tomaten und Brühe zugeben.,Couscous einrühren.,Quellen lassen.,
Feta aus dem Ofen mit Tomaten,Hauptgericht,leicht,35,Backen,vegetarisch,4,Feta,400,g,Kirschtomaten,500,g,Knoblauch,1,Zehe,Olivenöl,3,EL,,,,,,,,,,,,Feta in Auflaufform geben.,Tomaten darum verteilen.,Mit Öl und Knoblauch würzen.,Im Ofen backen.,
Gemüsepfanne mit Sojasauce,Hauptgericht,leicht,35,Braten,vegan,4,Gemüse,600,g,Zwiebel,1,Stück,Sojasauce,2,EL,Öl,2,EL,Reis,300,g,,,,,,,,Reis kochen.,Gemüse anbraten.,Mit Sojasauce ablöschen.,Zusammen servieren.,
Gnocchi-Pfanne mit Gemüse,Hauptgericht,leicht,35,Braten,vegetarisch,4,Gnocchi,500,g,Gemüse,400,g,Zwiebel,1,Stück,Öl,2,EL,Sahne,100,ml,,,,,,,,Gnocchi anbraten.,Gemüse zugeben und mitbraten.,Mit Sahne ablöschen.,Kurz köcheln lassen.,
Pilzrahm mit Spätzle (fertige Spätzle),Hauptgericht,leicht,35,Kochen,vegetarisch,4,Champignons,500,g,Zwiebel,1,Stück,Sahne,200,ml,Öl,1,EL,Spätzle,500,g,,,,,,,,Pilze braten.,Zwiebel zugeben.,Sahne angießen und reduzieren.,Spätzle erwärmen.,
Tomaten-Bohnen-Pfanne,Hauptgericht,leicht,35,Kochen,vegan,4,Weiße Bohnen,400,g,Tomaten,400,g,Zwiebel,1,Stück,Knoblauch,1,Zehe,Reis,300,g,,,,,,,,Reis kochen.,Zwiebel und Knoblauch dünsten.,Tomaten und Bohnen zugeben.,Köcheln lassen.,
Kichererbsen-Pfanne mediterran,Hauptgericht,leicht,40,Braten,vegan,4,Kichererbsen,400,g,Paprika,1,Stück,Zucchini,1,Stück,Olivenöl,2,EL,Reis,300,g,,,,,,,,Reis kochen.,Gemüse schneiden und braten.,Kichererbsen zugeben.,Abschmecken.,
Pita mit Hähnchen und Salat,Hauptgericht,leicht,40,Braten,mit Fleisch,4,Pita,4,Stück,Hähnchenbrust,300,g,Gurke,1,Stück,Joghurt,150,g,,,,,,,,,,,,Fleisch in Streifen braten.,Gurke schneiden.,Pita erwärmen.,Mit allem füllen.,
Gemüse-Bulgur-Pfanne,Hauptgericht,leicht,45,Kochen,vegan,4,Bulgur,250,g,Gemüse,400,g,Zwiebel,1,Stück,Öl,2,EL,Brühe,400,ml,,,,,,,,Gemüse braten.,Bulgur und Brühe zugeben.,Alles zusammen quellen lassen.,,
Gemüsepfanne mit Couscous,Hauptgericht,leicht,45,Kochen,vegan,4,Couscous,250,g,Gemüse,400,g,Öl,2,EL,Brühe,300,ml,,,,,,,,,,,,Couscous separat quellen lassen.,Gemüse braten.,Beides mischen.,,
Kartoffel-Gemüse-Pfanne,Hauptgericht,leicht,45,Braten,vegan,4,Kartoffeln,600,g,Gemüse,400,g,Zwiebel,1,Stück,Öl,3,EL,,,,,,,,,,,,Kartoffeln vorkochen und braten.,Gemüse zugeben.,Zusammen knusprig braten.,,
Ofen-Falafel (fertige Mischung),Hauptgericht,leicht,45,Backen,vegan,4,Falafelmischung,1,Pck,Pita,4,Stück,Gurke,1,Stück,Tomaten,2,Stück,Joghurt,150,g,,,,,,,,Falafel formen und im Ofen backen.,Gemüse schneiden.,Pita erwärmen.,Brote füllen.,
Pfannengemüse mit Bratwurst,Hauptgericht,leicht,45,Braten,mit Fleisch,4,Gemüse,400,g,Bratwürste,4,Stück,Zwiebel,1,Stück,Öl,2,EL,,,,,,,,,,,,Wurst in Scheiben schneiden und braten.,Gemüse zugeben.,Zusammen fertiggaren.,,
Tacos mit Bohnen und Mais,Hauptgericht,leicht,45,Braten,vegan,4,Taco-Schalen,8,Stück,Bohnen,200,g,Mais,200,g,Tomatensauce,150,ml,Käse,100,g,,,,,,,,Bohnen und Mais in Sauce erwärmen.,Taco-Schalen befüllen.,Käse darüber streuen.,,
Gebratene Nudeln mit Gemüse,Hauptgericht,mittel,45,Braten,vegan,4,Nudeln,400,g,Gemüse,400,g,Sojasauce,2,EL,Öl,2,EL,,,,,,,,,,,,Nudeln kochen.,Gemüse im Wok braten.,Nudeln und Sojasauce zugeben.,,
Wok-Gemüse mit Mie-Nudeln,Hauptgericht,mittel,45,Braten,vegan,4,Mie-Nudeln,250,g,Gemüse,400,g,Sojasauce,3,EL,Öl,2,EL,,,,,,,,,,,,Nudeln quellen lassen.,Gemüse im Wok braten.,Nudeln untermischen.,,
Eier in Senfsauce,Hauptgericht,mittel,50,Kochen,vegetarisch,4,Eier,8,Stück,Butter,40,g,Mehl,40,g,Milch,400,ml,Senf,3,EL,Kartoffeln,600,g,,,,Kartoffeln und Eier kochen.,Mehlschwitze herstellen.,Senf einrühren.,Eier in die Sauce geben.,
Frittata mit Gemüse,Hauptgericht,mittel,50,Backen,vegetarisch,4,Eier,8,Stück,Gemüse,400,g,Milch,50,ml,Käse,100,g,Öl,1,EL,,,,,,,,Gemüse anbraten.,Eier und Milch verquirlen.,Über das Gemüse gießen.,Mit Käse bestreuen und stocken lassen.,
Gebratene Nudeln mit Hähnchen,Hauptgericht,mittel,50,Braten,mit Fleisch,4,Nudeln,300,g,Hähnchenbrust,300,g,Gemüse,200,g,Sojasauce,2,EL,Öl,2,EL,,,,,,,,Nudeln kochen.,Fleisch und Gemüse braten.,Alles in der Pfanne mischen.,,
Gemüse-Stir-Fry mit Reisnudeln,Hauptgericht,mittel,50,Braten,vegan,4,Reisnudeln,200,g,Gemüse,400,g,Sojasauce,3,EL,Öl,2,EL,,,,,,,,,,,,Nudeln quellen lassen.,Gemüse scharf anbraten.,Nudeln untermischen.,,
Pellkartoffeln mit Quark,Hauptgericht,leicht,55,Kochen,vegetarisch,4,Kartoffeln,1000,g,Quark,500,g,Kräuter,1,Bund,Milch,50,ml,Salz,1,Prise,,,,,,,,Kartoffeln waschen und kochen.,Kräuter hacken.,Quark anrühren und würzen.,Zusammen servieren.,
Kichererbsen-Curry,Hauptgericht,mittel,55,Kochen,vegan,4,Kichererbsen,400,g,Kokosmilch,400,ml,Zwiebel,1,Stück,Curry,2,TL,Reis,300,g,,,,,,,,Reis kochen.,Zwiebel andünsten und curry zugeben.,Kichererbsen und Kokosmilch zugeben.,Köcheln lassen.,
Pita mit Falafel und Salat,Hauptgericht,mittel,55,Zusammenstellen,vegetarisch,4,Pita,4,Stück,Falafelmischung,1,Pck,Gurke,1,Stück,Joghurt,150,g,,,,,,,,,,,,Falafel formen und braten.,Pita Brote erwärmen.,Mit Salat und Falafel füllen.,,
Schupfnudeln mit Sauerkraut,Hauptgericht,mittel,55,Braten,vegetarisch,4,Schupfnudeln,500,g,Sauerkraut,500,g,Zwiebel,1,Stück,Öl,2,EL,,,,,,,,,,,,Zwiebel und Kraut dünsten.,Schupfnudeln knusprig braten.,Alles in der Pfanne mischen.,,
Schupfnudeln mit Speck,Hauptgericht,mittel,55,Braten,mit Fleisch,4,Schupfnudeln,500,g,Speck,150,g,Zwiebel,1,Stück,Öl,2,EL,,,,,,,,,,,,Speck und Zwiebel braten.,Schupfnudeln zugeben.,Goldbraun anbraten.,,
Shakshuka (Schulversion),Hauptgericht,mittel,55,Schmoren,vegetarisch,4,Tomaten,800,g,Paprika,2,Stück,Zwiebel,1,Stück,Eier,4,Stück,Kreuzkümmel,1,TL,,,,,,,,Gemüse würfeln und braten.,Tomaten zugeben und einkochen.,Mulden formen und Eier hineinschlagen.,Deckel aufsetzen und stocken lassen.,
Kürbis aus dem Ofen mit Dip,Hauptgericht,leicht,60,Backen,vegetarisch,4,Hokkaido,1,Stück,Olivenöl,3,EL,Quark,250,g,Kräuter,1,Bund,,,,,,,,,,,,Kürbis in Spalten schneiden.,Mit Öl bestreichen und backen.,Kräuterquark anrühren.,Zusammen servieren.,
Spinat mit Spiegelei und Kartoffeln,Hauptgericht,leicht,60,Kochen,vegetarisch,4,Blattspinat,500,g,Eier,4,Stück,Kartoffeln,600,g,Zwiebel,1,Stück,Öl,1,EL,,,,,,,,Kartoffeln kochen.,Zwiebel andünsten und Spinat zugeben.,Spiegeleier braten.,Alles anrichten.,
Gemüse-Curry (Kokos),Hauptgericht,mittel,60,Kochen,vegan,4,Gemüse,500,g,Kokosmilch,400,ml,Zwiebel,1,Stück,Currypulver,2,TL,Reis,300,g,,,,,,,,Reis kochen.,Gemüse und Zwiebel braten.,Curry und Kokosmilch zugeben.,Köcheln lassen.,
Gemüse-Reibekuchen,Hauptgericht,mittel,60,Braten,vegetarisch,4,Kartoffeln,600,g,Karotten,200,g,Zwiebel,1,Stück,Eier,2,Stück,Öl,4,EL,,,,,,,,Kartoffeln und Karotten grob raspeln.,Mit Eiern und Zwiebel mischen.,In der Pfanne flach ausbacken.,,
Gemüse-Tortilla (spanisches Omelett),Hauptgericht,mittel,60,Braten,vegetarisch,4,Kartoffeln,600,g,Paprika,1,Stück,Zwiebel,1,Stück,Eier,6,Stück,Öl,3,EL,,,,,,,,Kartoffeln vorkochen und in Scheiben braten.,Gemüse zugeben.,Eimasse darüber gießen.,Stocken lassen.,
Pfannengyros (mild) mit Tzatziki,Hauptgericht,mittel,60,Braten,mit Fleisch,4,Geschnetzeltes,400,g,Gyrosgewürz,1,EL,Joghurt,250,g,Gurke,1,Stück,Reis,300,g,,,,,,,,Reis kochen.,Gurke raspeln und mit Joghurt mischen.,Fleisch scharf anbraten.,Zusammen servieren.,
Fischstäbchen mit Kartoffelsalat,Hauptgericht,leicht,70,Braten,mit Fisch,4,Fischstäbchen,12,Stück,Kartoffeln,800,g,Gurke,1,Stück,Essig,3,EL,Öl,3,EL,,,,,,,,Kartoffeln kochen und in Scheiben schneiden.,Mit Gurke Essig und Öl mischen.,Fischstäbchen knusprig braten.,,
Ofenkartoffeln mit Kräuterquark,Hauptgericht,leicht,70,Backen,vegetarisch,4,Kartoffeln,1400,g,Quark,400,g,Schnittlauch,1,Bund,,,,,,,,,,,,,,,Ofen vorheizen.,Kartoffeln backen.,Dip rühren.,Servieren.,
Dahl (rote Linsen),Hauptgericht,mittel,70,Kochen,vegan,4,Rote Linsen,250,g,Zwiebel,1,Stück,Kokosmilch,400,ml,Curry,2,TL,Reis,300,g,,,,,,,,Reis kochen.,Zwiebel andünsten.,Linsen und Gewürze zugeben.,Mit Kokosmilch weich kochen.,
Gemüse-Frikadellen (Hafer),Hauptgericht,mittel,70,Braten,vegetarisch,4,Haferflocken,150,g,Karotten,2,Stück,Zucchini,1,Stück,Eier,2,Stück,Öl,2,EL,,,,,,,,Gemüse fein raspeln.,Mit Haferflocken und Eiern verkneten.,Frikadellen formen.,In der Pfanne braten.,
Hähnchen-Geschnetzeltes (mild) mit Reis,Hauptgericht,mittel,70,Braten,mit Fleisch,4,Hähnchenbrust,400,g,Zwiebel,1,Stück,Sahne,200,ml,Öl,1,EL,Reis,300,g,,,,,,,,Reis kochen.,Fleisch in Streifen schneiden und braten.,Zwiebel zugeben und mit Sahne ablöschen.,Etwas einkochen lassen.,
Ratatoille (schnell),Hauptgericht,mittel,70,Schmoren,vegan,4,Aubergine,1,Stück,Zucchini,1,Stück,Paprika,1,Stück,Tomaten,400,g,Olivenöl,2,EL,,,,,,,,Gemüse in grobe Würfel schneiden.,In Öl kräftig anbraten.,Tomaten zugeben.,Schmoren lassen bis weich.,
Baked Potatoes mit Bohnen,Hauptgericht,leicht,75,Backen,vegetarisch,4,Kartoffeln groß,4,Stück,Baked Beans,400,g,Käse,100,g,Öl,1,EL,,,,,,,,,,,,Kartoffeln im Ofen backen.,Bohnen erwärmen.,Kartoffeln aufschneiden.,Mit Bohnen füllen und Käse bestreuen.,
Lachs aus dem Ofen mit Zitronenreis,Hauptgericht,mittel,75,Backen,mit Fisch,4,Lachsfilets,4,Stück,Zitrone,1,Stück,Olivenöl,2,EL,Reis,300,g,,,,,,,,,,,,Reis kochen.,Lachs mit Öl und Zitrone würzen.,Lachs im Ofen garen.,Zusammen servieren.,
Falafel (Pfanne) mit Joghurt-Dip,Hauptgericht,mittel,80,Braten,vegetarisch,4,Falafelmischung,1,Pck,Joghurt,200,g,Minze,1,Bund,Öl,2,EL,,,,,,,,,,,,Falafel formen.,In der Pfanne goldbraun braten.,Minze hacken und mit Joghurt verrühren.,,
Frikadellen mit Kartoffelpüree,Hauptgericht,mittel,85,Braten,mit Fleisch,4,Hackfleisch,500,g,Brötchen alt,1,Stück,Ei,1,Stück,Kartoffeln,800,g,Milch,200,ml,,,,,,,,Kartoffeln kochen und Püree stampfen.,Brötchen einweichen und ausdrücken.,Mit Hackfleisch und Ei verkneten.,Frikadellen formen und braten.,
Spätzle (schnell aus Teig),Hauptgericht,mittel,90,Kochen,vegetarisch,4,Mehl,400,g,Eier,4,Stück,Wasser,150,ml,Salz,1,TL,Muskat,1,Prise,,,,,,,,Teig zäh verrühren.,Durch Spätzlepresse in Salzwasser drücken.,Kurz ziehen lassen und abseihen.,,
Veggie-Burger (Bohnenpatty),Hauptgericht,mittel,90,Braten,vegan möglich,4,Kidneybohnen,400,g,Haferflocken,100,g,Burgerbrötchen,4,Stück,Tomate,1,Stück,Salat,4,Blatt,,,,,,,,Bohnen zerdrücken und mit Haferflocken kneten.,Patties formen und braten.,Brötchen aufschneiden.,Burger belegen.,
Käsespätzle,Hauptgericht,mittel,95,Kochen,vegetarisch,4,Spätzle,500,g,Käse,200,g,Zwiebeln,2,Stück,Butter,2,EL,,,,,,,,,,,,Zwiebeln in Ringen knusprig braten.,Spätzle in Pfanne erwärmen.,Käse unterheben bis er schmilzt.,Mit Zwiebeln anrichten.,
Burger (Rind) mit Ofenpommes,Hauptgericht,mittel,105,Braten,mit Fleisch,4,Rinderpatties,4,Stück,Burgerbrötchen,4,Stück,Kartoffeln,600,g,Tomate,1,Stück,Öl,2,EL,,,,,,,,Kartoffeln in Stifte schneiden und backen.,Patties in der Pfanne braten.,Brötchen erwärmen.,Burger belegen.,
Hähnchen im Ofen mit Gemüse,Ofengericht,mittel,80,Backen,mit Fleisch,4,Hähnchenbrust,4,Stück,Gemüse,600,g,Olivenöl,4,EL,Paprika,1,TL,Salz,1,TL,,,,,,,,Gemüse grob schneiden.,Fleisch und Gemüse würzen.,Auf einem Blech verteilen.,Im Ofen garen.,
Gemüseauflauf,Ofengericht,mittel,85,Backen,vegetarisch,4,Gemüse,800,g,Sahne,200,ml,Käse,150,g,Zwiebel,1,Stück,,,,,,,,,,,,Gemüse in Auflaufform geben.,Sahne würzen und darüber gießen.,Mit Käse bestreuen.,Im Ofen überbacken.,
Kartoffelgratin,Ofengericht,mittel,90,Backen,vegetarisch,4,Kartoffeln,800,g,Sahne,200,ml,Milch,100,ml,Knoblauch,1,Zehe,Käse,150,g,,,,,,,,Kartoffeln in dünne Scheiben hobeln.,Fächerförmig in Form schichten.,Knoblauch in Sahne-Milch pressen und angießen.,Mit Käse bestreuen und backen.,
Gemüseauflauf mit Kartoffeln,Ofengericht,mittel,95,Backen,vegetarisch,4,Kartoffeln,500,g,Gemüse,400,g,Sahne,200,ml,Käse,150,g,,,,,,,,,,,,Kartoffeln vorkochen und in Scheiben schneiden.,Mit Gemüse in Form schichten.,Sahne darüber gießen.,Mit Käse überbacken.,
Zimtschnecken (schnell Fertigteig),Backen,leicht,45,Backen,vegetarisch,4,Hefeteig,1,Pck,Butter,50,g,Zucker,50,g,Zimt,1,TL,,,,,,,,,,,,Teig ausrollen.,Mit Butter bestreichen.,Mit Zimtzucker bestreuen und aufrollen.,In Scheiben schneiden und backen.,
Baked Oatmeal,Backen,leicht,60,Backen,vegetarisch,4,Haferflocken,200,g,Milch,400,ml,Eier,2,Stück,Honig,2,EL,Apfel,1,Stück,Nüsse,50,g,,,,,,Alle Zutaten gut mischen.,In eine kleine Auflaufform füllen.,Im Ofen backen.,,
Muffins (Basis),Backen,leicht,60,Backen,vegetarisch,4,Mehl,250,g,Zucker,125,g,Backpulver,1,TL,Eier,2,Stück,Milch,200,ml,Öl,100,ml,,,,,,Ofen vorheizen.,Trockene Zutaten mischen.,Flüssige Zutaten unterrühren.,In Förmchen füllen und backen.,
Schoko-Muffins,Backen,leicht,65,Backen,vegetarisch,4,Mehl,250,g,Zucker,125,g,Backpulver,1,TL,Eier,2,Stück,Milch,200,ml,Öl,100,ml,Kakao,3,EL,Schokodrops,100,g,Ofen vorheizen.,Trockene und flüssige Zutaten mischen.,Kakao und Drops unterheben.,In Förmchen füllen und backen.,
Flammkuchen (Schulversion),Backen,mittel,75,Backen,mit Fleisch,4,Flammkuchenteig,1,Pck,Schmand,150,g,Zwiebel,1,Stück,Speckwürfel,100,g,,,,,,,,,,,,Teig ausrollen.,Mit Schmand bestreichen.,Zwiebel in dünne Ringe schneiden.,Mit Speck und Zwiebeln belegen.,Backen bis der Rand knusprig ist.
Bananenbrot,Backen,leicht,80,Backen,vegetarisch,4,Bananen,3,Stück,Eier,2,Stück,Mehl,250,g,Zucker,100,g,Öl,100,ml,Backpulver,1,Pck,,,,,,Bananen mit Gabel zerdrücken.,Alle Zutaten zu einem Teig verrühren.,In eine Kastenform füllen.,Im Ofen backen.,
Gemüse-Quiche (fertiger Teig),Backen,mittel,90,Backen,vegetarisch,4,Quicheteig,1,Pck,Gemüse,400,g,Eier,3,Stück,Sahne,200,ml,Käse,100,g,,,,,,,,Teig in Tarteform auslegen.,Gemüse darauf verteilen.,Eier und Sahne verquirlen und darübergießen.,Mit Käse bestreuen und backen.,
Pizzaschnecken,Backen,mittel,90,Backen,vegetarisch,4,Pizzateig,1,Pck,Tomatenpassata,200,ml,Käse,150,g,Gemüse,200,g,,,,,,,,,,,,Teig ausrollen und bestreichen.,Mit Gemüse und Käse belegen.,Aufrollen und in Scheiben schneiden.,Backen.,
Rührkuchen (Marmorkuchen),Backen,mittel,90,Backen,vegetarisch,4,Butter,250,g,Zucker,200,g,Eier,4,Stück,Mehl,400,g,Backpulver,1,Pck,Milch,100,ml,Kakao,3,EL,,,,Butter Zucker und Eier schaumig rühren.,Mehl und Backpulver unterheben.,Teig teilen und Kakao in eine Hälfte rühren.,Beide Teige in Form füllen und marmorieren.,Backen.
Spinatquiche (fertiger Teig),Backen,mittel,90,Backen,vegetarisch,4,Quicheteig,1,Pck,Blattspinat,400,g,Eier,3,Stück,Sahne,200,ml,Käse,100,g,,,,,,,,Teig in Tarteform auslegen.,Ausgedrückten Spinat verteilen.,Eier Sahne und Käse verquirlen und darübergießen.,Backen.,
Käse-Schinken-Quiche (fertiger Teig),Backen,mittel,95,Backen,mit Fleisch,4,Quicheteig,1,Pck,Schinkenwürfel,150,g,Käse,150,g,Eier,3,Stück,Sahne,200,ml,,,,,,,,Teig in Form auslegen.,Schinken und Käse verteilen.,Eier und Sahne verquirlen und darübergießen.,Backen.,
Brötchen selbst backen (schnell),Backen,mittel,105,Backen,vegan,4,Mehl,500,g,Trockenhefe,1,Pck,Wasser,300,ml,Salz,1,TL,Öl,2,EL,,,,,,,,Alle Zutaten gründlich kneten.,Teig 30 Minuten ruhen lassen.,Kleine Brötchen formen.,Im heißen Ofen backen.,
Focaccia (schnell),Backen,mittel,105,Backen,vegan,4,Mehl,500,g,Trockenhefe,1,Pck,Wasser,300,ml,Salz,1,TL,Olivenöl,4,EL,Rosmarin,1,Zweig,,,,,,Zutaten zu Teig kneten.,Flach auf ein Blech drücken.,Mit Fingern Mulden eindrücken.,Mit Öl und Rosmarin belegen und backen.,
Käsekuchen (Blech einfach),Backen,mittel,110,Backen,vegetarisch,4,Mürbeteig,1,Pck,Quark,1000,g,Eier,4,Stück,Zucker,200,g,Vanillepuddingpulver,1,Pck,,,,,,,,Teig auf dem Blech ausrollen.,Quark Eier Zucker und Pulver verrühren.,Quarkmasse auf dem Teig verteilen.,Im Ofen backen.,
Pizza Margherita (Blech),Backen,mittel,110,Backen,vegetarisch,4,Pizzateig,1,Pck,Tomatenpassata,400,ml,Käse,250,g,,,,,,,,,,,,,,,Ofen vorheizen.,Teig auf Blech ausrollen.,Mit Passata bestreichen und Käse bestreuen.,Backen.,
Pizza mit Gemüse (Blech),Backen,mittel,115,Backen,vegetarisch,4,Pizzateig,1,Pck,Tomatenpassata,400,ml,Käse,250,g,Gemüse,400,g,,,,,,,,,,,,Teig ausrollen und bestreichen.,Gemüse gleichmäßig verteilen.,Käse darüber streuen.,Im heißen Ofen backen.,
Joghurt-Eis (ohne Maschine),Dessert,leicht,15,Gefrieren,vegetarisch,4,TK-Obst,600,g,Joghurt,300,g,Honig,2,EL,,,,,,,,,,,,,,,,TK-Obst kurz antauen lassen.,Mit Joghurt im Mixer pürieren.,Sofort als cremiges Eis servieren.,,
Obstsalat,Dessert,leicht,15,Kalt zubereiten,vegan,4,Obst-Mix,900,g,Zitrone,1,Stück,Honig,1,EL,,,,,,,,,,,,,,,,Obst in mundgerechte Stücke schneiden.,Zitrone auspressen.,Obst mit Zitronensaft und Honig mischen.,,
Quarkdessert mit Beeren,Dessert,leicht,20,Kalt zubereiten,vegetarisch,4,Quark,500,g,Beeren,400,g,Zucker,2,EL,Milch,50,ml,,,,,,,,,,,,Quark mit Milch glatt rühren.,Zucker unterheben.,In Gläsern mit den Beeren schichten.,Kalt stellen.,
Apfelkompott,Dessert,leicht,25,Kochen,vegan,4,Äpfel,4,Stück,Wasser,50,ml,Zucker,2,EL,Zimt,1,TL,,,,,,,,,,,,Äpfel schälen und in Stücke schneiden.,Mit Wasser Zucker und Zimt aufkochen.,Ca. 15 Minuten weich köcheln lassen.,,
Grießbrei,Dessert,leicht,25,Kochen,vegetarisch,4,Milch,1000,ml,Grieß,100,g,Zucker,2,EL,Salz,1,Prise,,,,,,,,,,,,Milch mit Zucker und Salz aufkochen.,Grieß unter Rühren einrieseln lassen.,Topf vom Herd nehmen und quellen lassen.,,
Mini-Käsekuchen im Glas (ohne Backen),Dessert,leicht,25,Kalt zubereiten,vegetarisch,4,Kekse,150,g,Butter,50,g,Quark,250,g,Frischkäse,100,g,Puderzucker,2,EL,,,,,,,,Kekse zerkrümeln und mit zerlassener Butter mischen.,Quark und Frischkäse süßen.,Keksboden in Gläser drücken.,Creme darauf verteilen und kühlen.,
Pudding (Vanille) mit Obst,Dessert,leicht,25,Kochen,vegetarisch,4,Vanillepuddingpulver,1,Pck,Milch,500,ml,Zucker,2,EL,Obst,200,g,,,,,,,,,,,,Pudding nach Packungsanleitung kochen.,In Schälchen füllen und abkühlen lassen.,Vor dem Servieren mit frischem Obst belegen.,,
Schokopudding vegan,Dessert,leicht,25,Kochen,vegan,4,Pflanzenmilch,500,ml,Schokopuddingpulver,1,Pck,Zucker,2,EL,Kakaopulver,1,EL,,,,,,,,,,,,Pulver mit etwas Milch anrühren.,Restliche Milch aufkochen.,Pulver einrühren und andicken lassen.,Abkühlen lassen.,
Crêpes mit Zucker und Zitrone,Dessert,leicht,30,Braten,vegetarisch,4,Mehl,250,g,Milch,500,ml,Eier,3,Stück,Butter,2,EL,Zitrone,1,Stück,Zucker,4,EL,,,,,,Teig glatt rühren.,Sehr dünne Pfannkuchen in Pfanne ausbacken.,Mit Zitronensaft beträufeln.,Mit Zucker bestreuen und aufrollen.,
Waffeln,Dessert,leicht,35,Backen,vegetarisch,4,Mehl,250,g,Butter,100,g,Zucker,75,g,Eier,3,Stück,Milch,250,ml,Backpulver,1,TL,,,,,,Butter Zucker und Eier cremig rühren.,Mehl und Backpulver abwechselnd mit Milch unterrühren.,Im Waffeleisen goldbraun backen.,,
Tiramisu (ohne Alkohol Schulversion),Dessert,mittel,35,Kalt zubereiten,vegetarisch,4,Löffelbiskuits,200,g,Mascarpone,250,g,Quark,250,g,Zucker,3,EL,Kakao kalt,200,ml,,,,,,,,Creme aus Mascarpone Quark und Zucker rühren.,Biskuits kurz in den kalten Kakao tunken.,Abwechselnd Biskuits und Creme in Form schichten.,Kühlen.,
Kaiserschmarrn (einfach),Dessert,mittel,45,Braten,vegetarisch,4,Mehl,150,g,Milch,300,ml,Eier,4,Stück,Salz,1,Prise,Zucker,2,EL,Butter,1,EL,,,,,,Eier trennen und Eiweiß steif schlagen.,Eigelb mit Mehl Milch und Zucker verrühren.,Eischnee unterheben und Teig in Butter anbraten.,In der Pfanne mit zwei Gabeln zerreißen.,
Milchreis,Dessert,mittel,50,Kochen,vegetarisch,4,Milch,1000,ml,Milchreis,250,g,Zucker,2,EL,Salz,1,Prise,Zimt,1,TL,,,,,,,,Milch aufkochen.,Milchreis einrühren und Hitze reduzieren.,Unter Rühren 30 Minuten sanft köcheln lassen.,Mit Zimt und Zucker servieren.,
Apfelcrumble,Dessert,mittel,60,Backen,vegetarisch,4,Äpfel,800,g,Mehl,200,g,Zucker,80,g,Butter,120,g,Zimt,1,TL,,,,,,,,,,Ofen vorheizen.,Äpfel schneiden und in Auflaufform geben.,Aus Mehl Zucker Butter und Zimt Streusel kneten.,Streusel über den Äpfeln verteilen und backen.,
Fruchtsmoothie,Getränk,leicht,10,Mixen,vegetarisch,4,Obstmix,500,g,Joghurt,300,g,Apfelsaft,300,ml,Haferflocken,2,EL,,,,,,,,,,,,,Obst vorbereiten.,Mit Joghurt und Saft im Mixer fein pürieren.,Optional Haferflocken zugeben.,Direkt servieren.,
Milchshake (Banane),Getränk,leicht,10,Mixen,vegetarisch,4,Bananen,3,Stück,Milch,600,ml,Vanilleeis,200,g,Honig,1,EL,,,,,,,,,,,,,Bananen schälen und schneiden.,Mit Milch und Eis im Mixer pürieren.,Nach Wunsch süßen.,Sofort kalt servieren.,
